{
  "num_params": 3968202,
  "val": {
    "accuracy": 0.9384,
    "f1_macro": 0.9386013650534368,
    "f1_per_class": {
      "samolot": 0.9410589410589411,
      "samochod": 0.962,
      "ptak": 0.9276248725790011,
      "kot": 0.8640776699029126,
      "jelen": 0.946,
      "pies": 0.893574297188755,
      "zaba": 0.9630369630369631,
      "kon": 0.9587109768378651,
      "statek": 0.970970970970971,
      "ciezarowka": 0.958958958958959
    }
  },
  "test": {
    "accuracy": 0.9383,
    "f1_macro": 0.938246268175187,
    "f1_per_class": {
      "samolot": 0.9494354442808051,
      "samochod": 0.9675810473815462,
      "ptak": 0.9224572004028198,
      "kot": 0.8627254509018036,
      "jelen": 0.9434523809523809,
      "pies": 0.8987405541561713,
      "zaba": 0.9538002980625931,
      "kon": 0.9611699445284921,
      "statek": 0.962178517397882,
      "ciezarowka": 0.9609218436873748
    }
  },
  "best_epoch": 198
}