{
  "num_params": 620586,
  "val": {
    "accuracy": 0.8038,
    "f1_macro": 0.8029466265766467,
    "f1_per_class": {
      "samolot": 0.8158148505303761,
      "samochod": 0.8989690721649485,
      "ptak": 0.6967305524239008,
      "kot": 0.6666666666666666,
      "jelen": 0.783157894736842,
      "pies": 0.7228915662650602,
      "zaba": 0.8649214659685864,
      "kon": 0.8080808080808081,
      "statek": 0.8935323383084577,
      "ciezarowka": 0.8787010506208214
    }
  },
  "test": {
    "accuracy": 0.7913,
    "f1_macro": 0.7899970558603269,
    "f1_per_class": {
      "samolot": 0.8152686145146089,
      "samochod": 0.8920425747592499,
      "ptak": 0.7017744705208929,
      "kot": 0.6213991769547325,
      "jelen": 0.7720396452790819,
      "pies": 0.7019681349578257,
      "zaba": 0.8450261780104712,
      "kon": 0.8096980786825252,
      "statek": 0.8688607594936709,
      "ciezarowka": 0.8718929254302104
    }
  },
  "best_epoch": 21
}