{
  "num_params": 620586,
  "val": {
    "accuracy": 0.8426,
    "f1_macro": 0.8426627610548947,
    "f1_per_class": {
      "samolot": 0.8608870967741935,
      "samochod": 0.9259624876604146,
      "ptak": 0.7728194726166329,
      "kot": 0.6996047430830039,
      "jelen": 0.832,
      "pies": 0.7368421052631579,
      "zaba": 0.8829365079365079,
      "kon": 0.8673469387755102,
      "statek": 0.9186507936507936,
      "ciezarowka": 0.9295774647887324
    }
  }
}