{
  "num_params": 620586,
  "val": {
    "accuracy": 0.8504,
    "f1_macro": 0.8503206246639264,
    "f1_per_class": {
      "samolot": 0.855457227138643,
      "samochod": 0.9327983951855566,
      "ptak": 0.7781155015197568,
      "kot": 0.7193675889328063,
      "jelen": 0.8620342396777442,
      "pies": 0.7520325203252033,
      "zaba": 0.8822947576656776,
      "kon": 0.8764940239043825,
      "statek": 0.9227683049147443,
      "ciezarowka": 0.9218436873747495
    }
  }
}