{
  "num_params": 620586,
  "val": {
    "accuracy": 0.8304,
    "f1_macro": 0.8302662390212664,
    "f1_per_class": {
      "samolot": 0.8367952522255193,
      "samochod": 0.9070929070929071,
      "ptak": 0.7360824742268042,
      "kot": 0.7025440313111546,
      "jelen": 0.828365878725591,
      "pies": 0.7482447342026078,
      "zaba": 0.8832684824902723,
      "kon": 0.8531746031746031,
      "statek": 0.9133064516129032,
      "ciezarowka": 0.8937875751503006
    }
  }
}