{
  "num_params": 620586,
  "val": {
    "accuracy": 0.785,
    "f1_macro": 0.7870976348506576,
    "f1_per_class": {
      "samolot": 0.783109404990403,
      "samochod": 0.8857715430861723,
      "ptak": 0.6974552309142319,
      "kot": 0.6346863468634686,
      "jelen": 0.7692307692307693,
      "pies": 0.6779303062302007,
      "zaba": 0.8351177730192719,
      "kon": 0.834319526627219,
      "statek": 0.8884339815762539,
      "ciezarowka": 0.8649214659685864
    }
  },
  "test": {
    "accuracy": 0.7811,
    "f1_macro": 0.7823923737811468,
    "f1_per_class": {
      "samolot": 0.7874824848201775,
      "samochod": 0.8964123294593229,
      "ptak": 0.6899187768752986,
      "kot": 0.6257309941520468,
      "jelen": 0.7558823529411764,
      "pies": 0.6820083682008368,
      "zaba": 0.8250930356193514,
      "kon": 0.8222003929273084,
      "statek": 0.8723186925434117,
      "ciezarowka": 0.8668763102725366
    }
  },
  "best_epoch": 16
}