{
  "num_params": 620586,
  "val": {
    "accuracy": 0.8716,
    "f1_macro": 0.8715742358865229,
    "f1_per_class": {
      "samolot": 0.8822947576656776,
      "samochod": 0.928928928928929,
      "ptak": 0.8232890704800817,
      "kot": 0.7427427427427428,
      "jelen": 0.8763600395647874,
      "pies": 0.7745779543197616,
      "zaba": 0.9023904382470119,
      "kon": 0.9087261785356068,
      "statek": 0.941871921182266,
      "ciezarowka": 0.934560327198364
    }
  }
}