{
  "num_params": 620586,
  "val": {
    "accuracy": 0.798,
    "f1_macro": 0.79774457221424,
    "f1_per_class": {
      "samolot": 0.8131868131868132,
      "samochod": 0.9072781655034895,
      "ptak": 0.6956521739130435,
      "kot": 0.6340508806262231,
      "jelen": 0.7708947885939036,
      "pies": 0.7069672131147541,
      "zaba": 0.845691382765531,
      "kon": 0.8234126984126984,
      "statek": 0.9021190716448032,
      "ciezarowka": 0.8781925343811395
    }
  }
}