{
  "num_params": 620586,
  "val": {
    "accuracy": 0.867,
    "f1_macro": 0.866843938664265,
    "f1_per_class": {
      "samolot": 0.8849206349206349,
      "samochod": 0.9346733668341709,
      "ptak": 0.8125633232016211,
      "kot": 0.748015873015873,
      "jelen": 0.8634538152610441,
      "pies": 0.7890466531440162,
      "zaba": 0.8917835671342685,
      "kon": 0.8752475247524752,
      "statek": 0.9396636993076162,
      "ciezarowka": 0.929070929070929
    }
  }
}