{
  "num_params": 620586,
  "val": {
    "accuracy": 0.8696,
    "f1_macro": 0.8692566810342285,
    "f1_per_class": {
      "samolot": 0.8774703557312253,
      "samochod": 0.935871743486974,
      "ptak": 0.8206686930091185,
      "kot": 0.7591836734693878,
      "jelen": 0.872255489021956,
      "pies": 0.7912087912087912,
      "zaba": 0.8955223880597015,
      "kon": 0.8860257680872151,
      "statek": 0.933597621407334,
      "ciezarowka": 0.9207622868605817
    }
  }
}