{
  "num_params": 620586,
  "val": {
    "accuracy": 0.7974,
    "f1_macro": 0.7959464478197008,
    "f1_per_class": {
      "samolot": 0.8154589371980676,
      "samochod": 0.8829568788501027,
      "ptak": 0.717948717948718,
      "kot": 0.6494845360824743,
      "jelen": 0.7732793522267206,
      "pies": 0.6857727737973388,
      "zaba": 0.8533585619678334,
      "kon": 0.8108614232209738,
      "statek": 0.8882294757665677,
      "ciezarowka": 0.8821138211382114
    }
  }
}