{
  "num_params": 620586,
  "val": {
    "accuracy": 0.8638,
    "f1_macro": 0.8638104837252396,
    "f1_per_class": {
      "samolot": 0.8642220019821606,
      "samochod": 0.9386934673366835,
      "ptak": 0.8,
      "kot": 0.7487684729064039,
      "jelen": 0.8534396809571286,
      "pies": 0.7890466531440162,
      "zaba": 0.900398406374502,
      "kon": 0.8832997987927566,
      "statek": 0.9373134328358209,
      "ciezarowka": 0.9229229229229229
    }
  }
}