{
  "num_params": 620586,
  "val": {
    "accuracy": 0.807,
    "f1_macro": 0.8069917147403416,
    "f1_per_class": {
      "samolot": 0.823766364551863,
      "samochod": 0.915736040609137,
      "ptak": 0.7167868177136972,
      "kot": 0.6620278330019881,
      "jelen": 0.8043264503441495,
      "pies": 0.6857707509881423,
      "zaba": 0.8517412935323383,
      "kon": 0.8383838383838383,
      "statek": 0.8932806324110671,
      "ciezarowka": 0.8780971258671952
    }
  }
}