{
  "num_params": 620586,
  "val": {
    "accuracy": 0.8606,
    "f1_macro": 0.8602868208375748,
    "f1_per_class": {
      "samolot": 0.873767258382643,
      "samochod": 0.9305135951661632,
      "ptak": 0.7922606924643585,
      "kot": 0.749498997995992,
      "jelen": 0.8634984833164813,
      "pies": 0.7641129032258065,
      "zaba": 0.9011857707509882,
      "kon": 0.87857847976308,
      "statek": 0.9273084479371316,
      "ciezarowka": 0.9221435793731041
    }
  }
}