{
  "num_params": 620586,
  "val": {
    "accuracy": 0.8692,
    "f1_macro": 0.8689444564711485,
    "f1_per_class": {
      "samolot": 0.872617853560682,
      "samochod": 0.9346733668341709,
      "ptak": 0.8182741116751269,
      "kot": 0.7474949899799599,
      "jelen": 0.8684470820969338,
      "pies": 0.8044579533941236,
      "zaba": 0.9067201604814443,
      "kon": 0.8866995073891626,
      "statek": 0.9263565891472868,
      "ciezarowka": 0.9237029501525941
    }
  }
}