{
  "num_params": 11173962,
  "val": {
    "accuracy": 0.9538,
    "f1_macro": 0.9538135985807934,
    "f1_per_class": {
      "samolot": 0.9598393574297188,
      "samochod": 0.9708542713567839,
      "ptak": 0.9451219512195121,
      "kot": 0.905284147557328,
      "jelen": 0.9598393574297188,
      "pies": 0.9177403369672944,
      "zaba": 0.967098703888335,
      "kon": 0.961038961038961,
      "statek": 0.9781312127236581,
      "ciezarowka": 0.9731876861966237
    }
  },
  "test": {
    "accuracy": 0.9519,
    "f1_macro": 0.9518573046783875,
    "f1_per_class": {
      "samolot": 0.9560439560439561,
      "samochod": 0.9760717846460618,
      "ptak": 0.9414707353676839,
      "kot": 0.8886649874055416,
      "jelen": 0.9601990049751243,
      "pies": 0.9121756487025948,
      "zaba": 0.969939879759519,
      "kon": 0.9758793969849247,
      "statek": 0.9688581314878892,
      "ciezarowka": 0.9692695214105793
    }
  },
  "best_epoch": 197
}