{
  "num_params": 620586,
  "val": {
    "accuracy": 0.8022,
    "f1_macro": 0.8025034334164088,
    "f1_per_class": {
      "samolot": 0.8244734202607823,
      "samochod": 0.8967611336032388,
      "ptak": 0.6976264189886481,
      "kot": 0.6392344497607656,
      "jelen": 0.7770069375619425,
      "pies": 0.6983805668016194,
      "zaba": 0.8588588588588588,
      "kon": 0.8279352226720648,
      "statek": 0.9112662013958126,
      "ciezarowka": 0.893491124260355
    }
  }
}