{
  "num_params": 620586,
  "val": {
    "accuracy": 0.8668,
    "f1_macro": 0.8670307597818752,
    "f1_per_class": {
      "samolot": 0.8699106256206555,
      "samochod": 0.9284994964753273,
      "ptak": 0.8126272912423625,
      "kot": 0.7572815533980582,
      "jelen": 0.864321608040201,
      "pies": 0.795959595959596,
      "zaba": 0.9005025125628141,
      "kon": 0.8754940711462451,
      "statek": 0.938,
      "ciezarowka": 0.927710843373494
    }
  }
}