{
  "num_params": 620586,
  "val": {
    "accuracy": 0.7988,
    "f1_macro": 0.7986436867591906,
    "f1_per_class": {
      "samolot": 0.8032454361054767,
      "samochod": 0.8900100908173562,
      "ptak": 0.7096774193548387,
      "kot": 0.6501486620416254,
      "jelen": 0.7708737864077669,
      "pies": 0.7,
      "zaba": 0.8608094768015795,
      "kon": 0.8121827411167513,
      "statek": 0.9025844930417495,
      "ciezarowka": 0.8869047619047619
    }
  }
}