{
  "num_params": 620586,
  "val": {
    "accuracy": 0.8706,
    "f1_macro": 0.8706609421067831,
    "f1_per_class": {
      "samolot": 0.8945233265720081,
      "samochod": 0.9416498993963782,
      "ptak": 0.826,
      "kot": 0.736426456071076,
      "jelen": 0.8610567514677103,
      "pies": 0.7747196738022426,
      "zaba": 0.9107321965897693,
      "kon": 0.8962075848303394,
      "statek": 0.9412935323383085,
      "ciezarowka": 0.924
    }
  }
}