{
  "num_params": 620586,
  "val": {
    "accuracy": 0.813,
    "f1_macro": 0.8132904456721164,
    "f1_per_class": {
      "samolot": 0.8108108108108109,
      "samochod": 0.9008097165991903,
      "ptak": 0.7343589743589743,
      "kot": 0.6823992133726647,
      "jelen": 0.8127490039840638,
      "pies": 0.7110675808031341,
      "zaba": 0.8649193548387096,
      "kon": 0.8397565922920892,
      "statek": 0.8869223205506391,
      "ciezarowka": 0.8891108891108891
    }
  }
}