{
  "num_params": 620586,
  "val": {
    "accuracy": 0.8676,
    "f1_macro": 0.8675181868038377,
    "f1_per_class": {
      "samolot": 0.8817635270541082,
      "samochod": 0.9346733668341709,
      "ptak": 0.8159203980099502,
      "kot": 0.7449799196787149,
      "jelen": 0.8625123639960435,
      "pies": 0.7782258064516129,
      "zaba": 0.8875502008032129,
      "kon": 0.9001996007984032,
      "statek": 0.9326732673267327,
      "ciezarowka": 0.9366834170854271
    }
  }
}