{
  "num_params": 620586,
  "val": {
    "accuracy": 0.7628,
    "f1_macro": 0.7643240454657663,
    "f1_per_class": {
      "samolot": 0.7650882079851439,
      "samochod": 0.8835341365461847,
      "ptak": 0.6403415154749199,
      "kot": 0.6003717472118959,
      "jelen": 0.740530303030303,
      "pies": 0.6755102040816326,
      "zaba": 0.8341810783316378,
      "kon": 0.8,
      "statek": 0.8580310880829015,
      "ciezarowka": 0.8456521739130435
    }
  },
  "test": {
    "accuracy": 0.766,
    "f1_macro": 0.7663008286406404,
    "f1_per_class": {
      "samolot": 0.7697974217311234,
      "samochod": 0.8759417378201909,
      "ptak": 0.6573426573426573,
      "kot": 0.624699663623258,
      "jelen": 0.7468958930276982,
      "pies": 0.6892307692307692,
      "zaba": 0.8171091445427728,
      "kon": 0.804950495049505,
      "statek": 0.8469122989102231,
      "ciezarowka": 0.8301282051282052
    }
  },
  "best_epoch": 11
}