{
  "num_params": 620586,
  "val": {
    "accuracy": 0.8012,
    "f1_macro": 0.801325094092166,
    "f1_per_class": {
      "samolot": 0.8253012048192772,
      "samochod": 0.8933601609657947,
      "ptak": 0.7172827172827173,
      "kot": 0.6646825396825397,
      "jelen": 0.7876370887337986,
      "pies": 0.6780341023069207,
      "zaba": 0.8450148075024679,
      "kon": 0.8213925327951564,
      "statek": 0.8986083499005965,
      "ciezarowka": 0.8819374369323916
    }
  }
}