{
  "num_params": 620586,
  "val": {
    "accuracy": 0.807,
    "f1_macro": 0.8069917147403416,
    "f1_per_class": {
      "samolot": 0.823766364551863,
      "samochod": 0.915736040609137,
      "ptak": 0.7167868177136972,
      "kot": 0.6620278330019881,
      "jelen": 0.8043264503441495,
      "pies": 0.6857707509881423,
      "zaba": 0.8517412935323383,
      "kon": 0.8383838383838383,
      "statek": 0.8932806324110671,
      "ciezarowka": 0.8780971258671952
    }
  },
  "test": {
    "accuracy": 0.8018,
    "f1_macro": 0.8013626944288801,
    "f1_per_class": {
      "samolot": 0.8184523809523809,
      "samochod": 0.9103585657370518,
      "ptak": 0.7098765432098766,
      "kot": 0.6596910812157449,
      "jelen": 0.7724815724815725,
      "pies": 0.719020907700153,
      "zaba": 0.8268376911692156,
      "kon": 0.8316633266533067,
      "statek": 0.8908730158730159,
      "ciezarowka": 0.8743718592964824
    }
  },
  "best_epoch": 49
}