{
  "num_params": 620586,
  "val": {
    "accuracy": 0.7924,
    "f1_macro": 0.7927971649849318,
    "f1_per_class": {
      "samolot": 0.8182741116751269,
      "samochod": 0.9044334975369458,
      "ptak": 0.718,
      "kot": 0.6264367816091954,
      "jelen": 0.7551622418879056,
      "pies": 0.6536485097636177,
      "zaba": 0.8545636910732196,
      "kon": 0.8148148148148148,
      "statek": 0.8953140578265204,
      "ciezarowka": 0.8873239436619719
    }
  }
}