{
  "num_params": 620586,
  "val": {
    "accuracy": 0.794,
    "f1_macro": 0.7928472010265173,
    "f1_per_class": {
      "samolot": 0.8191056910569106,
      "samochod": 0.9092741935483871,
      "ptak": 0.7197452229299363,
      "kot": 0.630859375,
      "jelen": 0.7742574257425743,
      "pies": 0.6505263157894737,
      "zaba": 0.8403525954946132,
      "kon": 0.8166023166023166,
      "statek": 0.884990253411306,
      "ciezarowka": 0.8827586206896552
    }
  }
}