{
  "num_params": 620586,
  "val": {
    "accuracy": 0.8126,
    "f1_macro": 0.812692542104242,
    "f1_per_class": {
      "samolot": 0.827021494370522,
      "samochod": 0.9232323232323232,
      "ptak": 0.719758064516129,
      "kot": 0.6713008937437934,
      "jelen": 0.7683397683397684,
      "pies": 0.6968781470292045,
      "zaba": 0.8690355329949239,
      "kon": 0.8513650151668352,
      "statek": 0.9117647058823529,
      "ciezarowka": 0.8882294757665677
    }
  }
}