{
  "num_params": 620586,
  "val": {
    "accuracy": 0.8626,
    "f1_macro": 0.8627205018231916,
    "f1_per_class": {
      "samolot": 0.8812561334641805,
      "samochod": 0.9257028112449799,
      "ptak": 0.7959183673469388,
      "kot": 0.7372549019607844,
      "jelen": 0.864,
      "pies": 0.7879396984924623,
      "zaba": 0.891542288557214,
      "kon": 0.8920282542885973,
      "statek": 0.929718875502008,
      "ciezarowka": 0.9218436873747495
    }
  }
}