{
  "num_params": 620586,
  "val": {
    "accuracy": 0.7948,
    "f1_macro": 0.7929055527018367,
    "f1_per_class": {
      "samolot": 0.827517447657029,
      "samochod": 0.8845014807502468,
      "ptak": 0.6957403651115619,
      "kot": 0.6433710174717369,
      "jelen": 0.7837301587301587,
      "pies": 0.6730564430244942,
      "zaba": 0.8450980392156863,
      "kon": 0.8200589970501475,
      "statek": 0.8793774319066148,
      "ciezarowka": 0.876604146100691
    }
  }
}