{
  "num_params": 620586,
  "val": {
    "accuracy": 0.8634,
    "f1_macro": 0.8628825650311176,
    "f1_per_class": {
      "samolot": 0.8708708708708709,
      "samochod": 0.9378757515030061,
      "ptak": 0.8004052684903749,
      "kot": 0.7379239465570401,
      "jelen": 0.8605817452357071,
      "pies": 0.7816550348953141,
      "zaba": 0.8847290640394089,
      "kon": 0.8934506353861192,
      "statek": 0.9333333333333333,
      "ciezarowka": 0.928
    }
  }
}