{
  "num_params": 620586,
  "val": {
    "accuracy": 0.7958,
    "f1_macro": 0.7955220116775228,
    "f1_per_class": {
      "samolot": 0.8044579533941236,
      "samochod": 0.9090909090909091,
      "ptak": 0.7159533073929961,
      "kot": 0.6406406406406406,
      "jelen": 0.7695431472081218,
      "pies": 0.6844262295081968,
      "zaba": 0.8456104944500504,
      "kon": 0.8186323092170465,
      "statek": 0.8813229571984436,
      "ciezarowka": 0.8855421686746988
    }
  }
}