{
  "num_params": 620586,
  "val": {
    "accuracy": 0.809,
    "f1_macro": 0.809417568489468,
    "f1_per_class": {
      "samolot": 0.8223350253807107,
      "samochod": 0.889795918367347,
      "ptak": 0.7247247247247247,
      "kot": 0.6731707317073171,
      "jelen": 0.7913385826771654,
      "pies": 0.7344064386317908,
      "zaba": 0.8548057259713702,
      "kon": 0.8442211055276382,
      "statek": 0.8793774319066148,
      "ciezarowka": 0.88
    }
  }
}