{
  "num_params": 620586,
  "val": {
    "accuracy": 0.7926,
    "f1_macro": 0.7919874210542439,
    "f1_per_class": {
      "samolot": 0.8114285714285714,
      "samochod": 0.872617853560682,
      "ptak": 0.7032258064516129,
      "kot": 0.6509803921568628,
      "jelen": 0.767200754005655,
      "pies": 0.6867219917012448,
      "zaba": 0.8449304174950298,
      "kon": 0.813141683778234,
      "statek": 0.8937437934458788,
      "ciezarowka": 0.875882946518668
    }
  }
}