{
  "num_params": 620586,
  "val": {
    "accuracy": 0.8682,
    "f1_macro": 0.8681838878430105,
    "f1_per_class": {
      "samolot": 0.8813559322033898,
      "samochod": 0.9233830845771144,
      "ptak": 0.8126272912423625,
      "kot": 0.7514677103718199,
      "jelen": 0.8877654196157735,
      "pies": 0.7792472024415056,
      "zaba": 0.8941641938674579,
      "kon": 0.8945812807881773,
      "statek": 0.9304174950298211,
      "ciezarowka": 0.926829268292683
    }
  }
}