{
  "num_params": 620586,
  "val": {
    "accuracy": 0.7854,
    "f1_macro": 0.783895264002037,
    "f1_per_class": {
      "samolot": 0.8071928071928072,
      "samochod": 0.8955823293172691,
      "ptak": 0.6904055390702275,
      "kot": 0.6131386861313869,
      "jelen": 0.7522211253701876,
      "pies": 0.6701680672268907,
      "zaba": 0.8412852969814996,
      "kon": 0.8035363457760314,
      "statek": 0.8910505836575876,
      "ciezarowka": 0.8743718592964824
    }
  }
}