{
  "num_params": 620586,
  "val": {
    "accuracy": 0.867,
    "f1_macro": 0.8669396343763168,
    "f1_per_class": {
      "samolot": 0.8891089108910891,
      "samochod": 0.9410589410589411,
      "ptak": 0.8065843621399177,
      "kot": 0.7288977159880834,
      "jelen": 0.8606060606060606,
      "pies": 0.7889546351084813,
      "zaba": 0.894,
      "kon": 0.8917835671342685,
      "statek": 0.9445544554455445,
      "ciezarowka": 0.9238476953907816
    }
  }
}