{
  "num_params": 620586,
  "val": {
    "accuracy": 0.7996,
    "f1_macro": 0.799043376336616,
    "f1_per_class": {
      "samolot": 0.8152610441767069,
      "samochod": 0.9015748031496063,
      "ptak": 0.7071352502662407,
      "kot": 0.6511175898931001,
      "jelen": 0.772635814889336,
      "pies": 0.6786786786786787,
      "zaba": 0.8534653465346534,
      "kon": 0.8261306532663316,
      "statek": 0.9027777777777778,
      "ciezarowka": 0.8816568047337278
    }
  }
}