{
  "num_params": 620586,
  "val": {
    "accuracy": 0.791,
    "f1_macro": 0.7923752071444852,
    "f1_per_class": {
      "samolot": 0.8086785009861933,
      "samochod": 0.8957915831663327,
      "ptak": 0.7117031398667936,
      "kot": 0.6199134199134199,
      "jelen": 0.7820773930753564,
      "pies": 0.6581691772885284,
      "zaba": 0.8395604395604396,
      "kon": 0.844354018311292,
      "statek": 0.8759541984732825,
      "ciezarowka": 0.8875502008032129
    }
  }
}