{
  "num_params": 620586,
  "val": {
    "accuracy": 0.8482,
    "f1_macro": 0.8480552348687365,
    "f1_per_class": {
      "samolot": 0.8648111332007953,
      "samochod": 0.914572864321608,
      "ptak": 0.7840327533265097,
      "kot": 0.7172413793103448,
      "jelen": 0.8386454183266933,
      "pies": 0.7606490872210954,
      "zaba": 0.8824701195219123,
      "kon": 0.8802395209580839,
      "statek": 0.9204771371769384,
      "ciezarowka": 0.9174129353233831
    }
  }
}