{
  "num_params": 620586,
  "val": {
    "accuracy": 0.8716,
    "f1_macro": 0.8714634613057001,
    "f1_per_class": {
      "samolot": 0.87109375,
      "samochod": 0.9341317365269461,
      "ptak": 0.8139059304703476,
      "kot": 0.7618090452261307,
      "jelen": 0.8767395626242545,
      "pies": 0.7995991983967936,
      "zaba": 0.8928220255653884,
      "kon": 0.9027081243731193,
      "statek": 0.9309309309309309,
      "ciezarowka": 0.9308943089430894
    }
  }
}