{
  "num_params": 620586,
  "val": {
    "accuracy": 0.8046,
    "f1_macro": 0.8044824664674936,
    "f1_per_class": {
      "samolot": 0.8163265306122449,
      "samochod": 0.905811623246493,
      "ptak": 0.7103377686796315,
      "kot": 0.6510721247563352,
      "jelen": 0.7849898580121704,
      "pies": 0.7062374245472837,
      "zaba": 0.8551587301587301,
      "kon": 0.8331688055281342,
      "statek": 0.9001956947162426,
      "ciezarowka": 0.8815261044176707
    }
  }
}