{
  "num_params": 620586,
  "val": {
    "accuracy": 0.7932,
    "f1_macro": 0.7934767641283018,
    "f1_per_class": {
      "samolot": 0.8065764023210832,
      "samochod": 0.8829015544041451,
      "ptak": 0.707981220657277,
      "kot": 0.6478578892371996,
      "jelen": 0.7820773930753564,
      "pies": 0.7076612903225806,
      "zaba": 0.8538622129436325,
      "kon": 0.8097087378640777,
      "statek": 0.8763102725366876,
      "ciezarowka": 0.8598306679209784
    }
  },
  "test": {
    "accuracy": 0.7869,
    "f1_macro": 0.7866551000994259,
    "f1_per_class": {
      "samolot": 0.8148148148148148,
      "samochod": 0.8892291985706994,
      "ptak": 0.6912878787878788,
      "kot": 0.6327800829875518,
      "jelen": 0.7647058823529411,
      "pies": 0.6914728682170542,
      "zaba": 0.8303249097472925,
      "kon": 0.8286544046466602,
      "statek": 0.866948257655755,
      "ciezarowka": 0.8563327032136105
    }
  },
  "best_epoch": 23
}